total_results,items
23,"{'jw_entity_id': 'tm94058', 'id': 94058, 'title': 'Se mi lasci ti cancello', 'full_path': '/it/film/eternal-sunshine-of-the-spotless-mind', 'full_paths': {'MOVIE_DETAIL_OVERVIEW': '/it/film/eternal-sunshine-of-the-spotless-mind'}, 'poster': '/poster/8731496/{profile}', 'original_release_year': 2004, 'tmdb_popularity': 27.615, 'object_type': 'movie', 'offers': [{'monetization_type': 'rent', 'provider_id': 40, 'retail_price': 2.99, 'currency': 'EUR', 'urls': {'standard_web': 'https://it.chili.com/film/se-mi-lasci-ti-cancello-2004/b461574b-5219-4345-a61f-933325441da0'}, 'presentation_type': 'sd', 'date_provider_id': '2017-08-23_40', 'date_created': '2017-08-23'}, {'monetization_type': 'buy', 'provider_id': 40, 'retail_price': 5.99, 'currency': 'EUR', 'urls': {'standard_web': 'https://it.chili.com/film/se-mi-lasci-ti-cancello-2004/b461574b-5219-4345-a61f-933325441da0'}, 'presentation_type': 'sd', 'date_provider_id': '2017-08-23_40', 'date_created': '2017-08-23'}, {'monetization_type': 'flatrate', 'provider_id': 8, 'currency': 'EUR', 'urls': {'standard_web': 'http://www.netflix.com/title/60034545', 'deeplink_android_tv': '60034545', 'deeplink_fire_tv': 'intent://www.netflix.com/watch/60034545#Intent;launchFlags=0x00800000;scheme=https;package=com.netflix.ninja;S.source=30;end', 'deeplink_tvos': 'nflx://www.netflix.com/watch/60034545'}, 'presentation_type': 'hd', 'date_provider_id': '2018-04-01_8', 'date_created': '2018-04-01'}, {'monetization_type': 'flatrate', 'provider_id': 8, 'currency': 'EUR', 'urls': {'standard_web': 'http://www.netflix.com/title/60034545', 'deeplink_android_tv': '60034545', 'deeplink_fire_tv': 'intent://www.netflix.com/watch/60034545#Intent;launchFlags=0x00800000;scheme=https;package=com.netflix.ninja;S.source=30;end', 'deeplink_tvos': 'nflx://www.netflix.com/watch/60034545'}, 'presentation_type': 'sd', 'date_provider_id': '2018-04-01_8', 'date_created': '2018-04-01'}, {'monetization_type': 'buy', 'provider_id': 35, 'retail_price': 5.99, 'currency': 'EUR', 'urls': {'standard_web': 'https://rakuten.tv/it/movies/se-mi-lasci-ti-cancello', 'deeplink_android_tv': 'intent://rakuten.tv/movies/se-mi-lasci-ti-cancello#Intent;launchFlags=0x00800000;scheme=tv.wuaki.apptv;component=tv.wuaki.apptv/.activity.TVLaunchActivity;end'}, 'presentation_type': 'sd', 'date_provider_id': '2019-09-19_35', 'date_created': '2019-09-19'}, {'monetization_type': 'rent', 'provider_id': 35, 'retail_price': 3.99, 'currency': 'EUR', 'urls': {'standard_web': 'https://rakuten.tv/it/movies/se-mi-lasci-ti-cancello', 'deeplink_android_tv': 'intent://rakuten.tv/movies/se-mi-lasci-ti-cancello#Intent;launchFlags=0x00800000;scheme=tv.wuaki.apptv;component=tv.wuaki.apptv/.activity.TVLaunchActivity;end'}, 'presentation_type': 'sd', 'date_provider_id': '2019-09-19_35', 'date_created': '2019-09-19'}, {'monetization_type': 'buy', 'provider_id': 2, 'retail_price': 7.99, 'currency': 'EUR', 'urls': {'standard_web': 'https://itunes.apple.com/it/movie/se-mi-lasci-ti-cancello-eternal-sunshine-spotless-mind/id1500064112?l=en&uo=4&at=1000l3V2'}, 'presentation_type': 'sd', 'date_provider_id': '2020-03-06_2', 'date_created': '2020-03-06'}, {'monetization_type': 'rent', 'provider_id': 2, 'retail_price': 3.99, 'currency': 'EUR', 'urls': {'standard_web': 'https://itunes.apple.com/it/movie/se-mi-lasci-ti-cancello-eternal-sunshine-spotless-mind/id1500064112?l=en&uo=4&at=1000l3V2'}, 'presentation_type': 'hd', 'date_provider_id': '2020-03-06_2', 'date_created': '2020-03-06'}, {'monetization_type': 'rent', 'provider_id': 2, 'retail_price': 3.99, 'currency': 'EUR', 'urls': {'standard_web': 'https://itunes.apple.com/it/movie/se-mi-lasci-ti-cancello-eternal-sunshine-spotless-mind/id1500064112?l=en&uo=4&at=1000l3V2'}, 'presentation_type': 'sd', 'date_provider_id': '2020-03-06_2', 'date_created': '2020-03-06'}, {'monetization_type': 'buy', 'provider_id': 2, 'retail_price': 7.99, 'currency': 'EUR', 'urls': {'standard_web': 'https://itunes.apple.com/it/movie/se-mi-lasci-ti-cancello-eternal-sunshine-spotless-mind/id1500064112?l=en&uo=4&at=1000l3V2'}, 'presentation_type': 'hd', 'date_provider_id': '2020-03-06_2', 'date_created': '2020-03-06'}, {'monetization_type': 'rent', 'provider_id': 3, 'retail_price': 2.99, 'currency': 'EUR', 'urls': {'standard_web': 'https://play.google.com/store/movies/details/Se_mi_lasci_ti_cancello_Eternal_Sunshine_of_the_Sp?gl=IT&hl=en&id=_mZKtL5nBXE.P', 'deeplink_android_tv': '_mZKtL5nBXE.P'}, 'audio_languages': ['it'], 'presentation_type': 'sd', 'date_provider_id': '2020-03-09_3', 'date_created': '2020-03-09'}, {'monetization_type': 'buy', 'provider_id': 3, 'retail_price': 5.99, 'currency': 'EUR', 'urls': {'standard_web': 'https://play.google.com/store/movies/details/Se_mi_lasci_ti_cancello_Eternal_Sunshine_of_the_Sp?gl=IT&hl=en&id=_mZKtL5nBXE.P', 'deeplink_android_tv': '_mZKtL5nBXE.P'}, 'audio_languages': ['it'], 'presentation_type': 'hd', 'date_provider_id': '2020-03-09_3', 'date_created': '2020-03-09'}, {'monetization_type': 'rent', 'provider_id': 3, 'retail_price': 3.99, 'currency': 'EUR', 'urls': {'standard_web': 'https://play.google.com/store/movies/details/Se_mi_lasci_ti_cancello_Eternal_Sunshine_of_the_Sp?gl=IT&hl=en&id=_mZKtL5nBXE.P', 'deeplink_android_tv': '_mZKtL5nBXE.P'}, 'audio_languages': ['it'], 'presentation_type': 'hd', 'date_provider_id': '2020-03-09_3', 'date_created': '2020-03-09'}, {'monetization_type': 'rent', 'provider_id': 35, 'retail_price': 3.99, 'currency': 'EUR', 'urls': {'standard_web': 'https://rakuten.tv/it/movies/se-mi-lasci-ti-cancello', 'deeplink_android_tv': 'intent://rakuten.tv/movies/se-mi-lasci-ti-cancello#Intent;launchFlags=0x00800000;scheme=tv.wuaki.apptv;component=tv.wuaki.apptv/.activity.TVLaunchActivity;end'}, 'presentation_type': 'hd', 'date_provider_id': '2020-04-28_35', 'date_created': '2020-04-28'}, {'monetization_type': 'buy', 'provider_id': 35, 'retail_price': 5.99, 'currency': 'EUR', 'urls': {'standard_web': 'https://rakuten.tv/it/movies/se-mi-lasci-ti-cancello', 'deeplink_android_tv': 'intent://rakuten.tv/movies/se-mi-lasci-ti-cancello#Intent;launchFlags=0x00800000;scheme=tv.wuaki.apptv;component=tv.wuaki.apptv/.activity.TVLaunchActivity;end'}, 'presentation_type': 'hd', 'date_provider_id': '2020-04-28_35', 'date_created': '2020-04-28'}], 'scoring': [{'provider_type': 'tmdb:score', 'value': 8.1}, {'provider_type': 'tomato:rating', 'value': 1}, {'provider_type': 'imdb:score', 'value': 8.3}, {'provider_type': 'tomato:meter', 'value': 93}, {'provider_type': 'tmdb:id', 'value': 38}, {'provider_type': 'tomato_userrating:meter', 'value': 94}, {'provider_type': 'tmdb:popularity', 'value': 27.615}, {'provider_type': 'tomato:id', 'value': 12860}]}"
23,"{'jw_entity_id': 'ts36677', 'id': 36677, 'title': 'The Mind of a Chef', 'full_path': '/it/serie-tv/the-mind-of-a-chef', 'full_paths': {'SHOW_DETAIL_OVERVIEW': '/it/serie-tv/the-mind-of-a-chef'}, 'poster': '/poster/139168246/{profile}', 'original_release_year': 2012, 'tmdb_popularity': 5.078, 'object_type': 'show', 'scoring': [{'provider_type': 'tmdb:score', 'value': 8.4}, {'provider_type': 'imdb:score', 'value': 8}, {'provider_type': 'tmdb:popularity', 'value': 5.078}]}"
23,"{'jw_entity_id': 'ts78125', 'id': 78125, 'title': 'The Boys', 'full_path': '/it/serie-tv/the-boys', 'full_paths': {'SHOW_DETAIL_OVERVIEW': '/it/serie-tv/the-boys'}, 'poster': '/poster/139452660/{profile}', 'original_release_year': 2019, 'tmdb_popularity': 28.499, 'object_type': 'show', 'offers': [{'type': 'aggregated', 'monetization_type': 'flatrate', 'provider_id': 9, 'urls': {'standard_web': 'www.primevideo.com/theboys'}, 'presentation_type': 'sd', 'element_count': 1, 'new_element_count': 1, 'date_provider_id': '2019-07-26_9', 'date_created': '2019-07-26'}, {'type': 'aggregated', 'monetization_type': 'flatrate', 'provider_id': 9, 'urls': {'standard_web': 'www.primevideo.com/theboys'}, 'presentation_type': 'hd', 'element_count': 1, 'new_element_count': 1, 'date_provider_id': '2019-07-26_9', 'date_created': '2019-07-26'}, {'type': 'aggregated', 'monetization_type': 'flatrate', 'provider_id': 9, 'urls': {'standard_web': 'www.primevideo.com/theboys'}, 'presentation_type': '4k', 'element_count': 1, 'new_element_count': 1, 'date_provider_id': '2019-07-26_9', 'date_created': '2019-07-26'}, {'type': 'aggregated', 'monetization_type': 'flatrate', 'provider_id': 119, 'currency': 'EUR', 'urls': {'standard_web': 'https://www.primevideo.com/detail/amzn1.dv.gti.f0b600aa-63f6-0d77-244a-f59426f3e512?ie=UTF8&linkCode=xm2&tag=justwatch07-21', 'deeplink_android_tv': 'intent://app.primevideo.com/watch?gti=amzn1.dv.gti.f0b600aa-63f6-0d77-244a-f59426f3e512&time=0&territory=IT#Intent;package=com.amazon.amazonvideo.livingroom;scheme=https;end', 'deeplink_fire_tv': 'intent://com.amazon.tv.launcher/detail?provider=aiv&providerId=amzn1.dv.gti.f0b600aa-63f6-0d77-244a-f59426f3e512#Intent;package=com.amazon.tv.launcher;scheme=amzn;end ', 'deeplink_tvos': 'aiv://aiv/watch?gti=amzn1.dv.gti.f0b600aa-63f6-0d77-244a-f59426f3e512&territory=IT&time=auto'}, 'presentation_type': 'sd', 'element_count': 1, 'new_element_count': 1, 'date_provider_id': '2019-12-11_119', 'date_created': '2019-12-11'}, {'type': 'aggregated', 'monetization_type': 'flatrate', 'provider_id': 119, 'currency': 'EUR', 'urls': {'standard_web': 'https://www.primevideo.com/detail/amzn1.dv.gti.f0b600aa-63f6-0d77-244a-f59426f3e512?ie=UTF8&linkCode=xm2&tag=justwatch07-21', 'deeplink_android_tv': 'intent://app.primevideo.com/watch?gti=amzn1.dv.gti.f0b600aa-63f6-0d77-244a-f59426f3e512&time=0&territory=IT#Intent;package=com.amazon.amazonvideo.livingroom;scheme=https;end', 'deeplink_fire_tv': 'intent://com.amazon.tv.launcher/detail?provider=aiv&providerId=amzn1.dv.gti.f0b600aa-63f6-0d77-244a-f59426f3e512#Intent;package=com.amazon.tv.launcher;scheme=amzn;end ', 'deeplink_tvos': 'aiv://aiv/watch?gti=amzn1.dv.gti.f0b600aa-63f6-0d77-244a-f59426f3e512&territory=IT&time=auto'}, 'presentation_type': 'hd', 'element_count': 1, 'new_element_count': 1, 'date_provider_id': '2019-12-11_119', 'date_created': '2019-12-11'}, {'type': 'aggregated', 'monetization_type': 'flatrate', 'provider_id': 119, 'currency': 'EUR', 'urls': {'standard_web': 'https://www.primevideo.com/detail/amzn1.dv.gti.f0b600aa-63f6-0d77-244a-f59426f3e512?ie=UTF8&linkCode=xm2&tag=justwatch07-21', 'deeplink_android_tv': 'intent://app.primevideo.com/watch?gti=amzn1.dv.gti.f0b600aa-63f6-0d77-244a-f59426f3e512&time=0&territory=IT#Intent;package=com.amazon.amazonvideo.livingroom;scheme=https;end', 'deeplink_fire_tv': 'intent://com.amazon.tv.launcher/detail?provider=aiv&providerId=amzn1.dv.gti.f0b600aa-63f6-0d77-244a-f59426f3e512#Intent;package=com.amazon.tv.launcher;scheme=amzn;end ', 'deeplink_tvos': 'aiv://aiv/watch?gti=amzn1.dv.gti.f0b600aa-63f6-0d77-244a-f59426f3e512&territory=IT&time=auto'}, 'presentation_type': '4k', 'element_count': 1, 'new_element_count': 1, 'date_provider_id': '2019-12-11_119', 'date_created': '2019-12-11'}], 'scoring': [{'provider_type': 'tmdb:score', 'value': 8.2}, {'provider_type': 'imdb:score', 'value': 8.7}, {'provider_type': 'tmdb:popularity', 'value': 28.499}]}"
23,"{'jw_entity_id': 'tm32407', 'id': 32407, 'title': 'Identità sospette', 'full_path': '/it/film/unknown', 'full_paths': {'MOVIE_DETAIL_OVERVIEW': '/it/film/unknown'}, 'poster': '/poster/8854788/{profile}', 'original_release_year': 2006, 'tmdb_popularity': 8.169, 'object_type': 'movie', 'offers': [{'monetization_type': 'buy', 'provider_id': 40, 'retail_price': 5.99, 'currency': 'EUR', 'urls': {'standard_web': 'https://it.chili.com/film/identita-sospette-2006/11d678a2-d5b1-4f7d-8eea-9d36646735f2'}, 'presentation_type': 'sd', 'date_provider_id': '2017-08-23_40', 'date_created': '2017-08-23'}, {'monetization_type': 'rent', 'provider_id': 40, 'retail_price': 2.99, 'currency': 'EUR', 'urls': {'standard_web': 'https://it.chili.com/film/identita-sospette-2006/11d678a2-d5b1-4f7d-8eea-9d36646735f2'}, 'presentation_type': 'sd', 'date_provider_id': '2019-04-08_40', 'date_created': '2019-04-08'}, {'monetization_type': 'flatrate', 'provider_id': 119, 'currency': 'EUR', 'urls': {'standard_web': 'https://www.primevideo.com/detail/amzn1.dv.gti.78b7d8bf-08b0-0058-d609-492c2c7033bc?ie=UTF8&linkCode=xm2&tag=justwatch07-21', 'deeplink_android_tv': 'intent://app.primevideo.com/watch?gti=amzn1.dv.gti.78b7d8bf-08b0-0058-d609-492c2c7033bc&time=0&territory=IT#Intent;package=com.amazon.amazonvideo.livingroom;scheme=https;end', 'deeplink_fire_tv': 'intent://com.amazon.tv.launcher/detail?provider=aiv&providerId=amzn1.dv.gti.78b7d8bf-08b0-0058-d609-492c2c7033bc#Intent;package=com.amazon.tv.launcher;scheme=amzn;end ', 'deeplink_tvos': 'aiv://aiv/watch?gti=amzn1.dv.gti.78b7d8bf-08b0-0058-d609-492c2c7033bc&territory=IT&time=auto'}, 'presentation_type': 'hd', 'date_provider_id': '2020-01-18_119', 'date_created': '2020-01-18'}, {'monetization_type': 'flatrate', 'provider_id': 119, 'currency': 'EUR', 'urls': {'standard_web': 'https://www.primevideo.com/detail/amzn1.dv.gti.78b7d8bf-08b0-0058-d609-492c2c7033bc?ie=UTF8&linkCode=xm2&tag=justwatch07-21', 'deeplink_android_tv': 'intent://app.primevideo.com/watch?gti=amzn1.dv.gti.78b7d8bf-08b0-0058-d609-492c2c7033bc&time=0&territory=IT#Intent;package=com.amazon.amazonvideo.livingroom;scheme=https;end', 'deeplink_fire_tv': 'intent://com.amazon.tv.launcher/detail?provider=aiv&providerId=amzn1.dv.gti.78b7d8bf-08b0-0058-d609-492c2c7033bc#Intent;package=com.amazon.tv.launcher;scheme=amzn;end ', 'deeplink_tvos': 'aiv://aiv/watch?gti=amzn1.dv.gti.78b7d8bf-08b0-0058-d609-492c2c7033bc&territory=IT&time=auto'}, 'presentation_type': 'sd', 'date_provider_id': '2020-01-18_119', 'date_created': '2020-01-18'}], 'scoring': [{'provider_type': 'tomato_userrating:meter', 'value': 54}, {'provider_type': 'tomato:rating', 'value': 3}, {'provider_type': 'imdb:score', 'value': 6.5}, {'provider_type': 'tmdb:id', 'value': 9828}, {'provider_type': 'tmdb:score', 'value': 6.3}, {'provider_type': 'tomato:meter', 'value': 38}, {'provider_type': 'tmdb:popularity', 'value': 8.169}, {'provider_type': 'tomato:id', 'value': 382673898}]}"
23,"{'jw_entity_id': 'ts87364', 'id': 87364, 'title': 'Conversations with a Killer: The Ted Bundy Tapes', 'full_path': '/it/serie-tv/conversations-with-a-killer-the-ted-bundy-tapes', 'full_paths': {'SHOW_DETAIL_OVERVIEW': '/it/serie-tv/conversations-with-a-killer-the-ted-bundy-tapes'}, 'poster': '/poster/105670770/{profile}', 'original_release_year': 2019, 'tmdb_popularity': 6.735, 'object_type': 'show', 'offers': [{'type': 'aggregated', 'monetization_type': 'flatrate', 'provider_id': 8, 'currency': 'EUR', 'urls': {'standard_web': 'http://www.netflix.com/title/80226612', 'deeplink_android_tv': '80226553', 'deeplink_fire_tv': 'intent://www.netflix.com/watch/80226553#Intent;launchFlags=0x00800000;scheme=https;package=com.netflix.ninja;S.source=30;end', 'deeplink_tvos': 'nflx://www.netflix.com/watch/80226612'}, 'presentation_type': 'sd', 'element_count': 1, 'new_element_count': 1, 'date_provider_id': '2019-01-24_8', 'date_created': '2019-01-24'}, {'type': 'aggregated', 'monetization_type': 'flatrate', 'provider_id': 8, 'currency': 'EUR', 'urls': {'standard_web': 'http://www.netflix.com/title/80226612', 'deeplink_android_tv': '80226553', 'deeplink_fire_tv': 'intent://www.netflix.com/watch/80226553#Intent;launchFlags=0x00800000;scheme=https;package=com.netflix.ninja;S.source=30;end', 'deeplink_tvos': 'nflx://www.netflix.com/watch/80226612'}, 'presentation_type': 'hd', 'element_count': 1, 'new_element_count': 1, 'date_provider_id': '2019-02-06_8', 'date_created': '2019-02-06'}, {'type': 'aggregated', 'monetization_type': 'flatrate', 'provider_id': 8, 'currency': 'EUR', 'urls': {'standard_web': 'http://www.netflix.com/title/80226612', 'deeplink_android_tv': '80226553', 'deeplink_fire_tv': 'intent://www.netflix.com/watch/80226553#Intent;launchFlags=0x00800000;scheme=https;package=com.netflix.ninja;S.source=30;end', 'deeplink_tvos': 'nflx://www.netflix.com/watch/80226612'}, 'presentation_type': '4k', 'element_count': 1, 'new_element_count': 1, 'date_provider_id': '2019-02-06_8', 'date_created': '2019-02-06'}], 'scoring': [{'provider_type': 'tmdb:score', 'value': 7.4}, {'provider_type': 'imdb:score', 'value': 7.8}, {'provider_type': 'tmdb:popularity', 'value': 6.735}]}"
23,"{'jw_entity_id': 'tm106051', 'id': 106051, 'title': 'Dahmer - Il cannibale di Milwaukee', 'full_path': '/it/film/dahmer-il-cannibale-di-milwaukee', 'full_paths': {'MOVIE_DETAIL_OVERVIEW': '/it/film/dahmer-il-cannibale-di-milwaukee'}, 'poster': '/poster/10600686/{profile}', 'original_release_year': 2002, 'tmdb_popularity': 6.743, 'object_type': 'movie', 'offers': [{'monetization_type': 'flatrate', 'provider_id': 119, 'currency': 'EUR', 'urls': {'standard_web': 'https://www.primevideo.com/detail/amzn1.dv.gti.aeb7abfc-8471-f009-91c4-30e2db9a3f7d?ie=UTF8&linkCode=xm2&tag=justwatch07-21', 'deeplink_android_tv': 'intent://app.primevideo.com/watch?gti=amzn1.dv.gti.aeb7abfc-8471-f009-91c4-30e2db9a3f7d&time=0&territory=IT#Intent;package=com.amazon.amazonvideo.livingroom;scheme=https;end', 'deeplink_fire_tv': 'intent://com.amazon.tv.launcher/detail?provider=aiv&providerId=amzn1.dv.gti.aeb7abfc-8471-f009-91c4-30e2db9a3f7d#Intent;package=com.amazon.tv.launcher;scheme=amzn;end ', 'deeplink_tvos': 'aiv://aiv/watch?gti=amzn1.dv.gti.aeb7abfc-8471-f009-91c4-30e2db9a3f7d&territory=IT&time=auto'}, 'presentation_type': 'sd', 'date_provider_id': '2019-12-31_119', 'date_created': '2019-12-31'}, {'monetization_type': 'flatrate', 'provider_id': 119, 'currency': 'EUR', 'urls': {'standard_web': 'https://www.primevideo.com/detail/amzn1.dv.gti.aeb7abfc-8471-f009-91c4-30e2db9a3f7d?ie=UTF8&linkCode=xm2&tag=justwatch07-21', 'deeplink_android_tv': 'intent://app.primevideo.com/watch?gti=amzn1.dv.gti.aeb7abfc-8471-f009-91c4-30e2db9a3f7d&time=0&territory=IT#Intent;package=com.amazon.amazonvideo.livingroom;scheme=https;end', 'deeplink_fire_tv': 'intent://com.amazon.tv.launcher/detail?provider=aiv&providerId=amzn1.dv.gti.aeb7abfc-8471-f009-91c4-30e2db9a3f7d#Intent;package=com.amazon.tv.launcher;scheme=amzn;end ', 'deeplink_tvos': 'aiv://aiv/watch?gti=amzn1.dv.gti.aeb7abfc-8471-f009-91c4-30e2db9a3f7d&territory=IT&time=auto'}, 'presentation_type': 'hd', 'date_provider_id': '2019-12-31_119', 'date_created': '2019-12-31'}], 'scoring': [{'provider_type': 'tomato:id', 'value': 14997}, {'provider_type': 'tomato_userrating:meter', 'value': 40}, {'provider_type': 'tmdb:id', 'value': 25853}, {'provider_type': 'imdb:score', 'value': 5.6}, {'provider_type': 'tomato:rating', 'value': 2}, {'provider_type': 'tomato:meter', 'value': 69}, {'provider_type': 'tmdb:score', 'value': 5.1}, {'provider_type': 'tmdb:popularity', 'value': 6.743}]}"
23,"{'jw_entity_id': 'tm28886', 'id': 28886, 'title': 'The Host', 'full_path': '/it/film/the-host-2006', 'full_paths': {'MOVIE_DETAIL_OVERVIEW': '/it/film/the-host-2006'}, 'poster': '/poster/168208925/{profile}', 'original_release_year': 2006, 'tmdb_popularity': 17.305, 'object_type': 'movie', 'offers': [{'monetization_type': 'flatrate', 'provider_id': 8, 'currency': 'EUR', 'urls': {'standard_web': 'http://www.netflix.com/title/70059029', 'deeplink_android_tv': '70059029', 'deeplink_fire_tv': 'intent://www.netflix.com/watch/70059029#Intent;launchFlags=0x00800000;scheme=https;package=com.netflix.ninja;S.source=30;end', 'deeplink_tvos': 'nflx://www.netflix.com/watch/70059029'}, 'presentation_type': 'hd', 'date_provider_id': '2018-06-20_8', 'date_created': '2018-06-20'}, {'monetization_type': 'flatrate', 'provider_id': 8, 'currency': 'EUR', 'urls': {'standard_web': 'http://www.netflix.com/title/70059029', 'deeplink_android_tv': '70059029', 'deeplink_fire_tv': 'intent://www.netflix.com/watch/70059029#Intent;launchFlags=0x00800000;scheme=https;package=com.netflix.ninja;S.source=30;end', 'deeplink_tvos': 'nflx://www.netflix.com/watch/70059029'}, 'presentation_type': 'sd', 'date_provider_id': '2018-06-20_8', 'date_created': '2018-06-20'}], 'scoring': [{'provider_type': 'tomato:id', 'value': 330424823}, {'provider_type': 'tmdb:score', 'value': 6.9}, {'provider_type': 'imdb:score', 'value': 7.1}, {'provider_type': 'tmdb:id', 'value': 1255}, {'provider_type': 'tomato_userrating:meter', 'value': 72}, {'provider_type': 'tmdb:popularity', 'value': 17.305}, {'provider_type': 'tomato:rating', 'value': 1}, {'provider_type': 'tomato:meter', 'value': 93}]}"
23,"{'jw_entity_id': 'tm30065', 'id': 30065, 'title': 'The Secret', 'full_path': '/it/film/the-secret', 'full_paths': {'MOVIE_DETAIL_OVERVIEW': '/it/film/the-secret'}, 'poster': '/poster/10140167/{profile}', 'original_release_year': 2006, 'tmdb_popularity': 6.449, 'object_type': 'movie', 'offers': [{'monetization_type': 'rent', 'provider_id': 2, 'retail_price': 3.99, 'currency': 'EUR', 'urls': {'standard_web': 'https://itunes.apple.com/it/movie/the-secret/id660981760?l=en&uo=4&at=1000l3V2'}, 'presentation_type': 'sd', 'date_provider_id': '2016-12-07_2', 'date_created': '2016-12-07'}, {'monetization_type': 'buy', 'provider_id': 2, 'retail_price': 7.99, 'currency': 'EUR', 'urls': {'standard_web': 'https://itunes.apple.com/it/movie/the-secret/id660981760?l=en&uo=4&at=1000l3V2'}, 'presentation_type': 'sd', 'date_provider_id': '2016-12-07_2', 'date_created': '2016-12-07'}, {'monetization_type': 'flatrate', 'provider_id': 8, 'currency': 'EUR', 'urls': {'standard_web': 'http://www.netflix.com/title/70063484', 'deeplink_android_tv': '70063484', 'deeplink_fire_tv': 'intent://www.netflix.com/watch/70063484#Intent;launchFlags=0x00800000;scheme=https;package=com.netflix.ninja;S.source=30;end', 'deeplink_tvos': 'nflx://www.netflix.com/watch/70063484'}, 'presentation_type': 'sd', 'date_provider_id': '2017-12-07_8', 'date_created': '2017-12-07'}, {'monetization_type': 'flatrate', 'provider_id': 119, 'currency': 'EUR', 'urls': {'standard_web': 'https://www.primevideo.com/detail/amzn1.dv.gti.28ae80b3-25d3-3ca0-22d3-0d1a265d8e76?ie=UTF8&linkCode=xm2&tag=justwatch07-21', 'deeplink_android_tv': 'intent://app.primevideo.com/watch?gti=amzn1.dv.gti.28ae80b3-25d3-3ca0-22d3-0d1a265d8e76&time=0&territory=IT#Intent;package=com.amazon.amazonvideo.livingroom;scheme=https;end', 'deeplink_fire_tv': 'intent://com.amazon.tv.launcher/detail?provider=aiv&providerId=amzn1.dv.gti.28ae80b3-25d3-3ca0-22d3-0d1a265d8e76#Intent;package=com.amazon.tv.launcher;scheme=amzn;end ', 'deeplink_tvos': 'aiv://aiv/watch?gti=amzn1.dv.gti.28ae80b3-25d3-3ca0-22d3-0d1a265d8e76&territory=IT&time=auto'}, 'presentation_type': 'sd', 'date_provider_id': '2019-12-10_119', 'date_created': '2019-12-10'}, {'monetization_type': 'flatrate', 'provider_id': 119, 'currency': 'EUR', 'urls': {'standard_web': 'https://www.primevideo.com/detail/amzn1.dv.gti.28ae80b3-25d3-3ca0-22d3-0d1a265d8e76?ie=UTF8&linkCode=xm2&tag=justwatch07-21', 'deeplink_android_tv': 'intent://app.primevideo.com/watch?gti=amzn1.dv.gti.28ae80b3-25d3-3ca0-22d3-0d1a265d8e76&time=0&territory=IT#Intent;package=com.amazon.amazonvideo.livingroom;scheme=https;end', 'deeplink_fire_tv': 'intent://com.amazon.tv.launcher/detail?provider=aiv&providerId=amzn1.dv.gti.28ae80b3-25d3-3ca0-22d3-0d1a265d8e76#Intent;package=com.amazon.tv.launcher;scheme=amzn;end ', 'deeplink_tvos': 'aiv://aiv/watch?gti=amzn1.dv.gti.28ae80b3-25d3-3ca0-22d3-0d1a265d8e76&territory=IT&time=auto'}, 'presentation_type': 'hd', 'date_provider_id': '2019-12-10_119', 'date_created': '2019-12-10'}], 'scoring': [{'provider_type': 'tmdb:popularity', 'value': 6.449}, {'provider_type': 'tmdb:id', 'value': 26594}, {'provider_type': 'tomato_userrating:meter', 'value': 73}, {'provider_type': 'tmdb:score', 'value': 5.5}, {'provider_type': 'tomato:id', 'value': 577472476}]}"
23,"{'jw_entity_id': 'tm131279', 'id': 131279, 'title': 'Il delitto Fitzgerald', 'full_path': '/it/film/il-delitto-fitzgerald', 'full_paths': {'MOVIE_DETAIL_OVERVIEW': '/it/film/il-delitto-fitzgerald'}, 'poster': '/poster/11075213/{profile}', 'original_release_year': 2003, 'tmdb_popularity': 9.746, 'object_type': 'movie', 'offers': [{'monetization_type': 'flatrate', 'provider_id': 109, 'currency': 'EUR', 'urls': {'standard_web': 'http://www.timvision.it/detail/60011847', 'deeplink_android_tv': 'intent://open.detail/DETAILS?contentId=60011847&type=MOVIE#Intent;launchFlags=0x00800000;scheme=timvision;component=it.telecomitalia.cubovision/.activity.DeeplinkActivity;end', 'deeplink_fire_tv': 'intent://open.detail/DETAILS?contentId=60011847&type=MOVIE#Intent;launchFlags=0x00800000;scheme=timvision;component=it.telecomitalia.timvision.firetv/it.telecomitalia.cubovision.landing.LandingActivity;end'}, 'presentation_type': 'sd', 'date_provider_id': '2020-02-07_109', 'date_created': '2020-02-07'}, {'monetization_type': 'flatrate', 'provider_id': 119, 'currency': 'EUR', 'urls': {'standard_web': 'https://www.primevideo.com/detail/amzn1.dv.gti.44b8606a-5591-8cf7-a938-0c45d2ad8d59?ie=UTF8&linkCode=xm2&tag=justwatch07-21', 'deeplink_android_tv': 'intent://app.primevideo.com/watch?gti=amzn1.dv.gti.44b8606a-5591-8cf7-a938-0c45d2ad8d59&time=0&territory=IT#Intent;package=com.amazon.amazonvideo.livingroom;scheme=https;end', 'deeplink_fire_tv': 'intent://com.amazon.tv.launcher/detail?provider=aiv&providerId=amzn1.dv.gti.44b8606a-5591-8cf7-a938-0c45d2ad8d59#Intent;package=com.amazon.tv.launcher;scheme=amzn;end ', 'deeplink_tvos': 'aiv://aiv/watch?gti=amzn1.dv.gti.44b8606a-5591-8cf7-a938-0c45d2ad8d59&territory=IT&time=auto'}, 'presentation_type': 'hd', 'date_provider_id': '2020-03-14_119', 'date_created': '2020-03-14'}, {'monetization_type': 'flatrate', 'provider_id': 119, 'currency': 'EUR', 'urls': {'standard_web': 'https://www.primevideo.com/detail/amzn1.dv.gti.44b8606a-5591-8cf7-a938-0c45d2ad8d59?ie=UTF8&linkCode=xm2&tag=justwatch07-21', 'deeplink_android_tv': 'intent://app.primevideo.com/watch?gti=amzn1.dv.gti.44b8606a-5591-8cf7-a938-0c45d2ad8d59&time=0&territory=IT#Intent;package=com.amazon.amazonvideo.livingroom;scheme=https;end', 'deeplink_fire_tv': 'intent://com.amazon.tv.launcher/detail?provider=aiv&providerId=amzn1.dv.gti.44b8606a-5591-8cf7-a938-0c45d2ad8d59#Intent;package=com.amazon.tv.launcher;scheme=amzn;end ', 'deeplink_tvos': 'aiv://aiv/watch?gti=amzn1.dv.gti.44b8606a-5591-8cf7-a938-0c45d2ad8d59&territory=IT&time=auto'}, 'presentation_type': 'sd', 'date_provider_id': '2020-03-14_119', 'date_created': '2020-03-14'}], 'scoring': [{'provider_type': 'tmdb:popularity', 'value': 9.746}, {'provider_type': 'imdb:score', 'value': 7.1}, {'provider_type': 'tomato:id', 'value': 13472}, {'provider_type': 'tomato:rating', 'value': 3}, {'provider_type': 'tomato:meter', 'value': 34}, {'provider_type': 'tmdb:score', 'value': 6.7}, {'provider_type': 'tomato_userrating:meter', 'value': 81}, {'provider_type': 'tmdb:id', 'value': 13573}]}"
23,"{'jw_entity_id': 'ts223759', 'id': 223759, 'title': 'Nella mente di un killer: Aaron Hernandez', 'full_path': '/it/serie-tv/killer-inside-the-mind-of-aaron-hernandez', 'full_paths': {'SHOW_DETAIL_OVERVIEW': '/it/serie-tv/killer-inside-the-mind-of-aaron-hernandez'}, 'poster': '/poster/163998083/{profile}', 'original_release_year': 2020, 'tmdb_popularity': 6.69, 'object_type': 'show', 'offers': [{'type': 'aggregated', 'monetization_type': 'flatrate', 'provider_id': 8, 'currency': 'EUR', 'urls': {'standard_web': 'http://www.netflix.com/title/81062828', 'deeplink_android_tv': '81090139', 'deeplink_fire_tv': 'intent://www.netflix.com/watch/81090139#Intent;launchFlags=0x00800000;scheme=https;package=com.netflix.ninja;S.source=30;end', 'deeplink_tvos': 'nflx://www.netflix.com/watch/81062828'}, 'presentation_type': 'sd', 'element_count': 1, 'new_element_count': 1, 'date_provider_id': '2020-01-15_8', 'date_created': '2020-01-15'}, {'type': 'aggregated', 'monetization_type': 'flatrate', 'provider_id': 8, 'currency': 'EUR', 'urls': {'standard_web': 'http://www.netflix.com/title/81062828', 'deeplink_android_tv': '81090139', 'deeplink_fire_tv': 'intent://www.netflix.com/watch/81090139#Intent;launchFlags=0x00800000;scheme=https;package=com.netflix.ninja;S.source=30;end', 'deeplink_tvos': 'nflx://www.netflix.com/watch/81062828'}, 'presentation_type': 'hd', 'element_count': 1, 'new_element_count': 1, 'date_provider_id': '2020-01-15_8', 'date_created': '2020-01-15'}], 'scoring': [{'provider_type': 'tmdb:score', 'value': 7.6}, {'provider_type': 'imdb:score', 'value': 7.4}, {'provider_type': 'tmdb:popularity', 'value': 6.69}]}"
23,"{'jw_entity_id': 'tm105531', 'id': 105531, 'title': 'La costa del sole', 'full_path': '/it/film/sunshine-state', 'full_paths': {'MOVIE_DETAIL_OVERVIEW': '/it/film/sunshine-state'}, 'poster': '/poster/11791178/{profile}', 'original_release_year': 2002, 'tmdb_popularity': 2.954, 'object_type': 'movie', 'scoring': [{'provider_type': 'tmdb:id', 'value': 57022}, {'provider_type': 'tomato:meter', 'value': 80}, {'provider_type': 'tmdb:score', 'value': 6.2}, {'provider_type': 'imdb:score', 'value': 6.8}, {'provider_type': 'tomato:id', 'value': 12234}, {'provider_type': 'tmdb:popularity', 'value': 2.954}, {'provider_type': 'tomato_userrating:meter', 'value': 57}, {'provider_type': 'tomato:rating', 'value': 1}]}"
23,"{'jw_entity_id': 'tm1899', 'id': 1899, 'title': ""Assassin's Creed"", 'full_path': '/it/film/assassins-creed', 'full_paths': {'MOVIE_DETAIL_OVERVIEW': '/it/film/assassins-creed'}, 'poster': '/poster/8537801/{profile}', 'original_release_year': 2016, 'tmdb_popularity': 11.781, 'object_type': 'movie', 'localized_release_date': '2017-01-04', 'offers': [{'monetization_type': 'buy', 'provider_id': 68, 'retail_price': 8.99, 'currency': 'EUR', 'urls': {'standard_web': 'https://www.microsoft.com/it-it/p/assassins-creed/8d6kgx0mct7w?ct=movie'}, 'presentation_type': 'hd', 'date_provider_id': '2017-04-19_68', 'date_created': '2017-04-19'}, {'monetization_type': 'buy', 'provider_id': 68, 'retail_price': 8.99, 'currency': 'EUR', 'urls': {'standard_web': 'https://www.microsoft.com/it-it/p/assassins-creed/8d6kgx0mct7w?ct=movie'}, 'presentation_type': 'sd', 'date_provider_id': '2017-04-19_68', 'date_created': '2017-04-19'}, {'monetization_type': 'buy', 'provider_id': 2, 'retail_price': 8.99, 'currency': 'EUR', 'urls': {'standard_web': 'https://itunes.apple.com/it/movie/assassins-creed/id1185961249?l=en&uo=4&at=1000l3V2'}, 'presentation_type': 'hd', 'date_provider_id': '2016-11-01_2', 'date_created': '2016-11-01'}, {'monetization_type': 'buy', 'provider_id': 2, 'retail_price': 8.99, 'currency': 'EUR', 'urls': {'standard_web': 'https://itunes.apple.com/it/movie/assassins-creed/id1185961249?l=en&uo=4&at=1000l3V2'}, 'presentation_type': 'sd', 'date_provider_id': '2016-11-01_2', 'date_created': '2016-11-01'}, {'monetization_type': 'rent', 'provider_id': 2, 'retail_price': 3.99, 'currency': 'EUR', 'urls': {'standard_web': 'https://itunes.apple.com/it/movie/assassins-creed/id1185961249?l=en&uo=4&at=1000l3V2'}, 'presentation_type': 'sd', 'date_provider_id': '2016-11-01_2', 'date_created': '2016-11-01'}, {'monetization_type': 'rent', 'provider_id': 2, 'retail_price': 3.99, 'currency': 'EUR', 'urls': {'standard_web': 'https://itunes.apple.com/it/movie/assassins-creed/id1185961249?l=en&uo=4&at=1000l3V2'}, 'presentation_type': 'hd', 'date_provider_id': '2016-11-01_2', 'date_created': '2016-11-01'}, {'monetization_type': 'buy', 'provider_id': 2, 'retail_price': 8.99, 'currency': 'EUR', 'urls': {'standard_web': 'https://itunes.apple.com/it/movie/assassins-creed/id1185961249?l=en'}, 'presentation_type': '4k', 'date_provider_id': '2016-11-01_2', 'date_created': '2016-11-01'}, {'monetization_type': 'rent', 'provider_id': 2, 'retail_price': 3.99, 'currency': 'EUR', 'urls': {'standard_web': 'https://itunes.apple.com/it/movie/assassins-creed/id1185961249?l=en'}, 'presentation_type': '4k', 'date_provider_id': '2016-11-01_2', 'date_created': '2016-11-01'}, {'monetization_type': 'buy', 'provider_id': 40, 'retail_price': 8.99, 'currency': 'EUR', 'urls': {'standard_web': 'https://it.chili.com/film/assassin-s-creed-2016/2fd98632-45f6-47df-8eef-278a239efa4a'}, 'presentation_type': 'hd', 'date_provider_id': '2018-05-07_40', 'date_created': '2018-05-07'}, {'monetization_type': 'buy', 'provider_id': 3, 'retail_price': 8.99, 'currency': 'EUR', 'urls': {'standard_web': 'https://play.google.com/store/movies/details/Assassin_s_Creed?gl=IT&hl=en&id=etpyaMGIT1Y', 'deeplink_android_tv': 'etpyaMGIT1Y'}, 'audio_languages': ['it'], 'presentation_type': 'hd', 'date_provider_id': '2018-08-23_3', 'date_created': '2018-08-23'}, {'monetization_type': 'buy', 'provider_id': 109, 'retail_price': 7.9, 'currency': 'EUR', 'urls': {'standard_web': 'http://www.timvision.it/detail/50652887', 'deeplink_android_tv': 'intent://open.detail/DETAILS?contentId=50652887&type=MOVIE#Intent;launchFlags=0x00800000;scheme=timvision;component=it.telecomitalia.cubovision/.activity.DeeplinkActivity;end', 'deeplink_fire_tv': 'intent://open.detail/DETAILS?contentId=50652887&type=MOVIE#Intent;launchFlags=0x00800000;scheme=timvision;component=it.telecomitalia.timvision.firetv/it.telecomitalia.cubovision.landing.LandingActivity;end'}, 'presentation_type': 'sd', 'date_provider_id': '2018-10-09_109', 'date_created': '2018-10-09'}, {'monetization_type': 'rent', 'provider_id': 3, 'retail_price': 3.99, 'currency': 'EUR', 'urls': {'standard_web': 'https://play.google.com/store/movies/details/Assassin_s_Creed?gl=IT&hl=en&id=etpyaMGIT1Y', 'deeplink_android_tv': 'etpyaMGIT1Y'}, 'audio_languages': ['it'], 'presentation_type': 'hd', 'date_provider_id': '2018-12-03_3', 'date_created': '2018-12-03'}, {'monetization_type': 'rent', 'provider_id': 68, 'retail_price': 2.99, 'currency': 'EUR', 'urls': {'standard_web': 'https://www.microsoft.com/it-it/p/assassins-creed/8d6kgx0mct7w?ct=movie'}, 'presentation_type': 'sd', 'date_provider_id': '2019-02-06_68', 'date_created': '2019-02-06'}, {'monetization_type': 'rent', 'provider_id': 68, 'retail_price': 3.99, 'currency': 'EUR', 'urls': {'standard_web': 'https://www.microsoft.com/it-it/p/assassins-creed/8d6kgx0mct7w?ct=movie'}, 'presentation_type': 'hd', 'date_provider_id': '2019-02-06_68', 'date_created': '2019-02-06'}, {'monetization_type': 'buy', 'provider_id': 35, 'retail_price': 8.99, 'currency': 'EUR', 'urls': {'standard_web': 'https://rakuten.tv/it/movies/assassin-s-creed-b83175e2-34bb-4a9c-a951-8c1bc82fd306', 'deeplink_android_tv': 'intent://rakuten.tv/movies/assassin-s-creed-b83175e2-34bb-4a9c-a951-8c1bc82fd306#Intent;launchFlags=0x00800000;scheme=tv.wuaki.apptv;component=tv.wuaki.apptv/.activity.TVLaunchActivity;end'}, 'presentation_type': 'sd', 'date_provider_id': '2019-05-03_35', 'date_created': '2019-05-03'}, {'monetization_type': 'buy', 'provider_id': 35, 'retail_price': 8.99, 'currency': 'EUR', 'urls': {'standard_web': 'https://rakuten.tv/it/movies/assassin-s-creed-b83175e2-34bb-4a9c-a951-8c1bc82fd306', 'deeplink_android_tv': 'intent://rakuten.tv/movies/assassin-s-creed-b83175e2-34bb-4a9c-a951-8c1bc82fd306#Intent;launchFlags=0x00800000;scheme=tv.wuaki.apptv;component=tv.wuaki.apptv/.activity.TVLaunchActivity;end'}, 'presentation_type': 'hd', 'date_provider_id': '2019-05-06_35', 'date_created': '2019-05-06'}, {'monetization_type': 'rent', 'provider_id': 35, 'retail_price': 3.99, 'currency': 'EUR', 'urls': {'standard_web': 'https://rakuten.tv/it/movies/assassin-s-creed-b83175e2-34bb-4a9c-a951-8c1bc82fd306', 'deeplink_android_tv': 'intent://rakuten.tv/movies/assassin-s-creed-b83175e2-34bb-4a9c-a951-8c1bc82fd306#Intent;launchFlags=0x00800000;scheme=tv.wuaki.apptv;component=tv.wuaki.apptv/.activity.TVLaunchActivity;end'}, 'presentation_type': '4k', 'date_provider_id': '2019-05-08_35', 'date_created': '2019-05-08'}, {'monetization_type': 'rent', 'provider_id': 35, 'retail_price': 3.99, 'currency': 'EUR', 'urls': {'standard_web': 'https://rakuten.tv/it/movies/assassin-s-creed-b83175e2-34bb-4a9c-a951-8c1bc82fd306', 'deeplink_android_tv': 'intent://rakuten.tv/movies/assassin-s-creed-b83175e2-34bb-4a9c-a951-8c1bc82fd306#Intent;launchFlags=0x00800000;scheme=tv.wuaki.apptv;component=tv.wuaki.apptv/.activity.TVLaunchActivity;end'}, 'presentation_type': 'hd', 'date_provider_id': '2019-05-08_35', 'date_created': '2019-05-08'}, {'monetization_type': 'rent', 'provider_id': 35, 'retail_price': 3.99, 'currency': 'EUR', 'urls': {'standard_web': 'https://rakuten.tv/it/movies/assassin-s-creed-b83175e2-34bb-4a9c-a951-8c1bc82fd306', 'deeplink_android_tv': 'intent://rakuten.tv/movies/assassin-s-creed-b83175e2-34bb-4a9c-a951-8c1bc82fd306#Intent;launchFlags=0x00800000;scheme=tv.wuaki.apptv;component=tv.wuaki.apptv/.activity.TVLaunchActivity;end'}, 'presentation_type': 'sd', 'date_provider_id': '2019-05-08_35', 'date_created': '2019-05-08'}, {'monetization_type': 'buy', 'provider_id': 35, 'retail_price': 8.99, 'currency': 'EUR', 'urls': {'standard_web': 'https://rakuten.tv/it/movies/assassin-s-creed-b83175e2-34bb-4a9c-a951-8c1bc82fd306', 'deeplink_android_tv': 'intent://rakuten.tv/movies/assassin-s-creed-b83175e2-34bb-4a9c-a951-8c1bc82fd306#Intent;launchFlags=0x00800000;scheme=tv.wuaki.apptv;component=tv.wuaki.apptv/.activity.TVLaunchActivity;end'}, 'presentation_type': '4k', 'date_provider_id': '2019-05-08_35', 'date_created': '2019-05-08'}, {'monetization_type': 'rent', 'provider_id': 40, 'retail_price': 3.99, 'currency': 'EUR', 'urls': {'standard_web': 'https://it.chili.com/film/assassin-s-creed-2016/2fd98632-45f6-47df-8eef-278a239efa4a'}, 'presentation_type': 'hd', 'date_provider_id': '2019-05-30_40', 'date_created': '2019-05-30'}, {'monetization_type': 'rent', 'provider_id': 110, 'retail_price': 4, 'currency': 'EUR', 'urls': {'standard_web': ""http://www.infinitytv.it/#!1000201921/VOD/Assassin's creed""}, 'subtitle_languages': ['it'], 'audio_languages': ['en', 'it'], 'presentation_type': 'hd', 'date_provider_id': '2019-10-08_110', 'date_created': '2019-10-08'}, {'monetization_type': 'rent', 'provider_id': 110, 'retail_price': 4, 'currency': 'EUR', 'urls': {'standard_web': ""http://www.infinitytv.it/#!1000201921/VOD/Assassin's creed""}, 'subtitle_languages': ['it'], 'audio_languages': ['it', 'en'], 'presentation_type': 'sd', 'date_provider_id': '2019-10-09_110', 'date_created': '2019-10-09'}, {'monetization_type': 'rent', 'provider_id': 109, 'retail_price': 2.99, 'currency': 'EUR', 'urls': {'standard_web': 'http://www.timvision.it/detail/50652887', 'deeplink_android_tv': 'intent://open.detail/DETAILS?contentId=50652887&type=MOVIE#Intent;launchFlags=0x00800000;scheme=timvision;component=it.telecomitalia.cubovision/.activity.DeeplinkActivity;end', 'deeplink_fire_tv': 'intent://open.detail/DETAILS?contentId=50652887&type=MOVIE#Intent;launchFlags=0x00800000;scheme=timvision;component=it.telecomitalia.timvision.firetv/it.telecomitalia.cubovision.landing.LandingActivity;end'}, 'presentation_type': 'sd', 'date_provider_id': '2019-10-16_109', 'date_created': '2019-10-16'}], 'scoring': [{'provider_type': 'tomato:meter', 'value': 18}, {'provider_type': 'imdb:score', 'value': 5.7}, {'provider_type': 'tmdb:id', 'value': 121856}, {'provider_type': 'tomato_userrating:meter', 'value': 43}, {'provider_type': 'tmdb:popularity', 'value': 11.781}, {'provider_type': 'tomato:id', 'value': 771311901}, {'provider_type': 'tomato:rating', 'value': 3}, {'provider_type': 'tmdb:score', 'value': 5.4}], 'cinema_release_date': '2017-01-04'}"
23,"{'jw_entity_id': 'ts53399', 'id': 53399, 'title': '三生三世十里桃花', 'full_path': '/it/serie-tv/san-sheng-san-shi-shi-li-tao-hua', 'full_paths': {'SHOW_DETAIL_OVERVIEW': '/it/serie-tv/san-sheng-san-shi-shi-li-tao-hua'}, 'poster': '/poster/107705251/{profile}', 'original_release_year': 2017, 'tmdb_popularity': 6.339, 'object_type': 'show', 'scoring': [{'provider_type': 'imdb:score', 'value': 8.3}, {'provider_type': 'tmdb:popularity', 'value': 6.339}, {'provider_type': 'tmdb:score', 'value': 7.5}]}"
23,"{'jw_entity_id': 'ts21789', 'id': 21789, 'title': 'Red vs. Blue', 'full_path': '/it/serie-tv/red-vs-blue', 'full_paths': {'SHOW_DETAIL_OVERVIEW': '/it/serie-tv/red-vs-blue'}, 'poster': '/poster/155655755/{profile}', 'original_release_year': 2003, 'tmdb_popularity': 6.726, 'object_type': 'show', 'scoring': [{'provider_type': 'imdb:score', 'value': 8.4}, {'provider_type': 'tmdb:popularity', 'value': 6.726}, {'provider_type': 'tmdb:score', 'value': 7.4}]}"
23,"{'jw_entity_id': 'tm181579', 'id': 181579, 'title': 'La costanza della ragione', 'full_path': '/it/film/la-costanza-della-ragione', 'full_paths': {'MOVIE_DETAIL_OVERVIEW': '/it/film/la-costanza-della-ragione'}, 'poster': '/poster/138403938/{profile}', 'original_release_year': 1964, 'tmdb_popularity': 0.621, 'object_type': 'movie', 'offers': [{'monetization_type': 'flatrate', 'provider_id': 110, 'currency': 'EUR', 'urls': {'standard_web': 'http://www.infinitytv.it/#!120/VOD/La costanza della ragione'}, 'audio_languages': ['it'], 'presentation_type': 'sd', 'date_provider_id': '2016-12-06_110', 'date_created': '2016-12-06'}], 'scoring': [{'provider_type': 'tmdb:id', 'value': 278105}, {'provider_type': 'tmdb:score', 'value': 8}, {'provider_type': 'imdb:score', 'value': 5.5}, {'provider_type': 'tmdb:popularity', 'value': 0.621}]}"
23,"{'jw_entity_id': 'tm219073', 'id': 219073, 'title': 'Nine Lives (The Eternal Moment of Now)', 'full_path': '/it/film/nine-lives-the-eternal-moment-of-now', 'full_paths': {'MOVIE_DETAIL_OVERVIEW': '/it/film/nine-lives-the-eternal-moment-of-now'}, 'poster': '/poster/34356048/{profile}', 'original_release_year': 2001, 'tmdb_popularity': 0.681, 'object_type': 'movie', 'scoring': [{'provider_type': 'tmdb:popularity', 'value': 0.681}, {'provider_type': 'tmdb:id', 'value': 353242}, {'provider_type': 'tmdb:score', 'value': 5.3}]}"
23,"{'jw_entity_id': 'tm139864', 'id': 139864, 'title': 'Mr. Holmes - Il mistero del caso irrisolto', 'full_path': '/it/film/mr-holmes', 'full_paths': {'MOVIE_DETAIL_OVERVIEW': '/it/film/mr-holmes'}, 'poster': '/poster/9644298/{profile}', 'original_release_year': 2015, 'tmdb_popularity': 11.309, 'object_type': 'movie', 'offers': [{'monetization_type': 'buy', 'provider_id': 35, 'retail_price': 9.99, 'currency': 'EUR', 'urls': {'standard_web': 'https://rakuten.tv/it/movies/mr-holmes-il-mistero-del-caso-irrisolto', 'deeplink_android_tv': 'intent://rakuten.tv/movies/mr-holmes-il-mistero-del-caso-irrisolto#Intent;launchFlags=0x00800000;scheme=tv.wuaki.apptv;component=tv.wuaki.apptv/.activity.TVLaunchActivity;end'}, 'presentation_type': 'sd', 'date_provider_id': '2016-12-05_35', 'date_created': '2016-12-05'}, {'monetization_type': 'buy', 'provider_id': 35, 'retail_price': 9.99, 'currency': 'EUR', 'urls': {'standard_web': 'https://rakuten.tv/it/movies/mr-holmes-il-mistero-del-caso-irrisolto', 'deeplink_android_tv': 'intent://rakuten.tv/movies/mr-holmes-il-mistero-del-caso-irrisolto#Intent;launchFlags=0x00800000;scheme=tv.wuaki.apptv;component=tv.wuaki.apptv/.activity.TVLaunchActivity;end'}, 'presentation_type': 'hd', 'date_provider_id': '2016-12-05_35', 'date_created': '2016-12-05'}, {'monetization_type': 'buy', 'provider_id': 2, 'retail_price': 4.99, 'currency': 'EUR', 'urls': {'standard_web': 'https://itunes.apple.com/it/movie/mr-holmes-il-mistero-del-caso-irrisolto/id1061939208?l=en&uo=4&at=1000l3V2'}, 'presentation_type': 'sd', 'date_provider_id': '2016-12-07_2', 'date_created': '2016-12-07'}, {'monetization_type': 'buy', 'provider_id': 2, 'retail_price': 7.99, 'currency': 'EUR', 'urls': {'standard_web': 'https://itunes.apple.com/it/movie/mr-holmes-il-mistero-del-caso-irrisolto/id1061939208?l=en&uo=4&at=1000l3V2'}, 'presentation_type': 'hd', 'date_provider_id': '2016-12-07_2', 'date_created': '2016-12-07'}, {'monetization_type': 'buy', 'provider_id': 3, 'retail_price': 9.99, 'currency': 'EUR', 'urls': {'standard_web': 'https://play.google.com/store/movies/details/Mr_Holmes_Il_mistero_del_caso_irrisolto?gl=IT&hl=en&id=d7WRvF9cNOI', 'deeplink_android_tv': 'd7WRvF9cNOI'}, 'audio_languages': ['it'], 'presentation_type': 'hd', 'date_provider_id': '2018-06-05_3', 'date_created': '2018-06-05'}, {'monetization_type': 'buy', 'provider_id': 3, 'retail_price': 7.99, 'currency': 'EUR', 'urls': {'standard_web': 'https://play.google.com/store/movies/details/Mr_Holmes_Il_mistero_del_caso_irrisolto?gl=IT&hl=en&id=d7WRvF9cNOI', 'deeplink_android_tv': 'd7WRvF9cNOI'}, 'audio_languages': ['it'], 'presentation_type': 'sd', 'date_provider_id': '2018-06-05_3', 'date_created': '2018-06-05'}, {'monetization_type': 'rent', 'provider_id': 3, 'retail_price': 3.49, 'currency': 'EUR', 'urls': {'standard_web': 'https://play.google.com/store/movies/details/Mr_Holmes_Il_mistero_del_caso_irrisolto?gl=IT&hl=en&id=d7WRvF9cNOI', 'deeplink_android_tv': 'd7WRvF9cNOI'}, 'audio_languages': ['it'], 'presentation_type': 'hd', 'date_provider_id': '2018-06-05_3', 'date_created': '2018-06-05'}, {'monetization_type': 'rent', 'provider_id': 3, 'retail_price': 2.99, 'currency': 'EUR', 'urls': {'standard_web': 'https://play.google.com/store/movies/details/Mr_Holmes_Il_mistero_del_caso_irrisolto?gl=IT&hl=en&id=d7WRvF9cNOI', 'deeplink_android_tv': 'd7WRvF9cNOI'}, 'audio_languages': ['it'], 'presentation_type': 'sd', 'date_provider_id': '2018-06-05_3', 'date_created': '2018-06-05'}, {'monetization_type': 'buy', 'provider_id': 109, 'retail_price': 6.99, 'currency': 'EUR', 'urls': {'standard_web': 'http://www.timvision.it/detail/50542360', 'deeplink_android_tv': 'intent://open.detail/DETAILS?contentId=50542360&type=MOVIE#Intent;launchFlags=0x00800000;scheme=timvision;component=it.telecomitalia.cubovision/.activity.DeeplinkActivity;end', 'deeplink_fire_tv': 'intent://open.detail/DETAILS?contentId=50542360&type=MOVIE#Intent;launchFlags=0x00800000;scheme=timvision;component=it.telecomitalia.timvision.firetv/it.telecomitalia.cubovision.landing.LandingActivity;end'}, 'presentation_type': 'sd', 'date_provider_id': '2019-01-02_109', 'date_created': '2019-01-02'}, {'monetization_type': 'rent', 'provider_id': 109, 'retail_price': 2.99, 'currency': 'EUR', 'urls': {'standard_web': 'http://www.timvision.it/detail/50542360', 'deeplink_android_tv': 'intent://open.detail/DETAILS?contentId=50542360&type=MOVIE#Intent;launchFlags=0x00800000;scheme=timvision;component=it.telecomitalia.cubovision/.activity.DeeplinkActivity;end', 'deeplink_fire_tv': 'intent://open.detail/DETAILS?contentId=50542360&type=MOVIE#Intent;launchFlags=0x00800000;scheme=timvision;component=it.telecomitalia.timvision.firetv/it.telecomitalia.cubovision.landing.LandingActivity;end'}, 'presentation_type': 'sd', 'date_provider_id': '2019-01-02_109', 'date_created': '2019-01-02'}, {'monetization_type': 'buy', 'provider_id': 40, 'retail_price': 7.99, 'currency': 'EUR', 'urls': {'standard_web': 'https://it.chili.com/film/mr-holmes-il-mistero-del-caso-irrisolto-2015/c9d3fc09-c78a-4d1f-abdd-897c60e440da'}, 'presentation_type': 'hd', 'date_provider_id': '2019-01-16_40', 'date_created': '2019-01-16'}, {'monetization_type': 'buy', 'provider_id': 40, 'retail_price': 7.99, 'currency': 'EUR', 'urls': {'standard_web': 'https://it.chili.com/film/mr-holmes-il-mistero-del-caso-irrisolto-2015/c9d3fc09-c78a-4d1f-abdd-897c60e440da'}, 'presentation_type': 'sd', 'date_provider_id': '2019-01-16_40', 'date_created': '2019-01-16'}, {'monetization_type': 'rent', 'provider_id': 40, 'retail_price': 3.99, 'currency': 'EUR', 'urls': {'standard_web': 'https://it.chili.com/film/mr-holmes-il-mistero-del-caso-irrisolto-2015/c9d3fc09-c78a-4d1f-abdd-897c60e440da'}, 'presentation_type': 'hd', 'date_provider_id': '2019-01-16_40', 'date_created': '2019-01-16'}, {'monetization_type': 'rent', 'provider_id': 40, 'retail_price': 2.99, 'currency': 'EUR', 'urls': {'standard_web': 'https://it.chili.com/film/mr-holmes-il-mistero-del-caso-irrisolto-2015/c9d3fc09-c78a-4d1f-abdd-897c60e440da'}, 'presentation_type': 'sd', 'date_provider_id': '2019-01-16_40', 'date_created': '2019-01-16'}, {'monetization_type': 'flatrate', 'provider_id': 29, 'currency': 'EUR', 'urls': {'standard_web': 'https://skygo.sky.it/'}, 'presentation_type': 'sd', 'date_provider_id': '2020-02-02_29', 'date_created': '2020-02-02'}, {'monetization_type': 'flatrate', 'provider_id': 29, 'currency': 'EUR', 'urls': {'standard_web': 'https://skygo.sky.it/'}, 'presentation_type': 'hd', 'date_provider_id': '2020-02-02_29', 'date_created': '2020-02-02'}, {'monetization_type': 'rent', 'provider_id': 35, 'retail_price': 2.99, 'currency': 'EUR', 'urls': {'standard_web': 'https://rakuten.tv/it/movies/mr-holmes-il-mistero-del-caso-irrisolto', 'deeplink_android_tv': 'intent://rakuten.tv/movies/mr-holmes-il-mistero-del-caso-irrisolto#Intent;launchFlags=0x00800000;scheme=tv.wuaki.apptv;component=tv.wuaki.apptv/.activity.TVLaunchActivity;end'}, 'presentation_type': 'sd', 'date_provider_id': '2020-04-01_35', 'date_created': '2020-04-01'}, {'monetization_type': 'rent', 'provider_id': 35, 'retail_price': 3.99, 'currency': 'EUR', 'urls': {'standard_web': 'https://rakuten.tv/it/movies/mr-holmes-il-mistero-del-caso-irrisolto', 'deeplink_android_tv': 'intent://rakuten.tv/movies/mr-holmes-il-mistero-del-caso-irrisolto#Intent;launchFlags=0x00800000;scheme=tv.wuaki.apptv;component=tv.wuaki.apptv/.activity.TVLaunchActivity;end'}, 'presentation_type': 'hd', 'date_provider_id': '2020-04-01_35', 'date_created': '2020-04-01'}], 'scoring': [{'provider_type': 'tmdb:popularity', 'value': 11.309}, {'provider_type': 'tmdb:score', 'value': 6.5}, {'provider_type': 'imdb:score', 'value': 6.9}, {'provider_type': 'tomato:rating', 'value': 1}, {'provider_type': 'tomato:id', 'value': 771413413}, {'provider_type': 'tomato:meter', 'value': 88}, {'provider_type': 'tmdb:id', 'value': 280996}, {'provider_type': 'tomato_userrating:meter', 'value': 70}]}"
23,"{'jw_entity_id': 'tm278361', 'id': 278361, 'title': 'Mystic Game', 'full_path': '/it/film/mystic-game', 'full_paths': {'MOVIE_DETAIL_OVERVIEW': '/it/film/mystic-game'}, 'poster': '/poster/12402435/{profile}', 'original_release_year': 2016, 'tmdb_popularity': 2.068, 'object_type': 'movie', 'offers': [{'monetization_type': 'buy', 'provider_id': 2, 'retail_price': 3.99, 'currency': 'EUR', 'urls': {'standard_web': 'https://itunes.apple.com/it/movie/mystic-game/id1183479963?l=en&uo=4&at=1000l3V2'}, 'presentation_type': 'sd', 'date_provider_id': '2017-01-23_2', 'date_created': '2017-01-23'}, {'monetization_type': 'rent', 'provider_id': 2, 'retail_price': 3.99, 'currency': 'EUR', 'urls': {'standard_web': 'https://itunes.apple.com/it/movie/mystic-game/id1183479963?l=en&uo=4&at=1000l3V2'}, 'presentation_type': 'hd', 'date_provider_id': '2017-01-23_2', 'date_created': '2017-01-23'}, {'monetization_type': 'rent', 'provider_id': 2, 'retail_price': 3.99, 'currency': 'EUR', 'urls': {'standard_web': 'https://itunes.apple.com/it/movie/mystic-game/id1183479963?l=en&uo=4&at=1000l3V2'}, 'presentation_type': 'sd', 'date_provider_id': '2017-01-23_2', 'date_created': '2017-01-23'}, {'monetization_type': 'buy', 'provider_id': 2, 'retail_price': 3.99, 'currency': 'EUR', 'urls': {'standard_web': 'https://itunes.apple.com/it/movie/mystic-game/id1183479963?l=en&uo=4&at=1000l3V2'}, 'presentation_type': 'hd', 'date_provider_id': '2017-01-23_2', 'date_created': '2017-01-23'}, {'monetization_type': 'rent', 'provider_id': 35, 'retail_price': 2.99, 'currency': 'EUR', 'urls': {'standard_web': 'https://rakuten.tv/it/movies/mystic-game', 'deeplink_android_tv': 'intent://rakuten.tv/movies/mystic-game#Intent;launchFlags=0x00800000;scheme=tv.wuaki.apptv;component=tv.wuaki.apptv/.activity.TVLaunchActivity;end'}, 'presentation_type': 'sd', 'date_provider_id': '2017-01-26_35', 'date_created': '2017-01-26'}, {'monetization_type': 'buy', 'provider_id': 35, 'retail_price': 3.99, 'currency': 'EUR', 'urls': {'standard_web': 'https://rakuten.tv/it/movies/mystic-game', 'deeplink_android_tv': 'intent://rakuten.tv/movies/mystic-game#Intent;launchFlags=0x00800000;scheme=tv.wuaki.apptv;component=tv.wuaki.apptv/.activity.TVLaunchActivity;end'}, 'presentation_type': 'hd', 'date_provider_id': '2017-01-26_35', 'date_created': '2017-01-26'}, {'monetization_type': 'buy', 'provider_id': 35, 'retail_price': 3.99, 'currency': 'EUR', 'urls': {'standard_web': 'https://rakuten.tv/it/movies/mystic-game', 'deeplink_android_tv': 'intent://rakuten.tv/movies/mystic-game#Intent;launchFlags=0x00800000;scheme=tv.wuaki.apptv;component=tv.wuaki.apptv/.activity.TVLaunchActivity;end'}, 'presentation_type': 'sd', 'date_provider_id': '2017-01-26_35', 'date_created': '2017-01-26'}, {'monetization_type': 'rent', 'provider_id': 35, 'retail_price': 3.99, 'currency': 'EUR', 'urls': {'standard_web': 'https://rakuten.tv/it/movies/mystic-game', 'deeplink_android_tv': 'intent://rakuten.tv/movies/mystic-game#Intent;launchFlags=0x00800000;scheme=tv.wuaki.apptv;component=tv.wuaki.apptv/.activity.TVLaunchActivity;end'}, 'presentation_type': 'hd', 'date_provider_id': '2017-01-26_35', 'date_created': '2017-01-26'}, {'monetization_type': 'buy', 'provider_id': 3, 'retail_price': 5.99, 'currency': 'EUR', 'urls': {'standard_web': 'https://play.google.com/store/movies/details/Mystic_Game?gl=IT&hl=en&id=8S1VtGmvas4', 'deeplink_android_tv': '8S1VtGmvas4'}, 'audio_languages': ['it'], 'presentation_type': 'hd', 'date_provider_id': '2017-01-27_3', 'date_created': '2017-01-27'}, {'monetization_type': 'rent', 'provider_id': 3, 'retail_price': 3.99, 'currency': 'EUR', 'urls': {'standard_web': 'https://play.google.com/store/movies/details/Mystic_Game?gl=IT&hl=en&id=8S1VtGmvas4', 'deeplink_android_tv': '8S1VtGmvas4'}, 'audio_languages': ['it'], 'presentation_type': 'hd', 'date_provider_id': '2017-01-27_3', 'date_created': '2017-01-27'}, {'monetization_type': 'rent', 'provider_id': 40, 'retail_price': 3.99, 'currency': 'EUR', 'urls': {'standard_web': 'https://it.chili.com/film/mystic-game-2016/d618a4e7-6ef7-4816-9e65-167460a51c05'}, 'presentation_type': 'hd', 'date_provider_id': '2017-08-23_40', 'date_created': '2017-08-23'}, {'monetization_type': 'rent', 'provider_id': 40, 'retail_price': 2.99, 'currency': 'EUR', 'urls': {'standard_web': 'https://it.chili.com/film/mystic-game-2016/d618a4e7-6ef7-4816-9e65-167460a51c05'}, 'presentation_type': 'sd', 'date_provider_id': '2017-08-23_40', 'date_created': '2017-08-23'}, {'monetization_type': 'buy', 'provider_id': 40, 'retail_price': 4.99, 'currency': 'EUR', 'urls': {'standard_web': 'https://it.chili.com/film/mystic-game-2016/d618a4e7-6ef7-4816-9e65-167460a51c05'}, 'presentation_type': 'sd', 'date_provider_id': '2017-08-23_40', 'date_created': '2017-08-23'}, {'monetization_type': 'buy', 'provider_id': 40, 'retail_price': 5.99, 'currency': 'EUR', 'urls': {'standard_web': 'https://it.chili.com/film/mystic-game-2016/d618a4e7-6ef7-4816-9e65-167460a51c05'}, 'presentation_type': 'hd', 'date_provider_id': '2018-09-12_40', 'date_created': '2018-09-12'}, {'monetization_type': 'rent', 'provider_id': 3, 'retail_price': 2.99, 'currency': 'EUR', 'urls': {'standard_web': 'https://play.google.com/store/movies/details/Mystic_Game?gl=IT&hl=en&id=8S1VtGmvas4', 'deeplink_android_tv': '8S1VtGmvas4'}, 'audio_languages': ['it'], 'presentation_type': 'sd', 'date_provider_id': '2019-10-18_3', 'date_created': '2019-10-18'}, {'monetization_type': 'rent', 'provider_id': 109, 'retail_price': 2.99, 'currency': 'EUR', 'urls': {'standard_web': 'http://www.timvision.it/detail/50633264', 'deeplink_android_tv': 'intent://open.detail/DETAILS?contentId=50633264&type=MOVIE#Intent;launchFlags=0x00800000;scheme=timvision;component=it.telecomitalia.cubovision/.activity.DeeplinkActivity;end', 'deeplink_fire_tv': 'intent://open.detail/DETAILS?contentId=50633264&type=MOVIE#Intent;launchFlags=0x00800000;scheme=timvision;component=it.telecomitalia.timvision.firetv/it.telecomitalia.cubovision.landing.LandingActivity;end'}, 'presentation_type': 'sd', 'date_provider_id': '2019-10-24_109', 'date_created': '2019-10-24'}, {'monetization_type': 'buy', 'provider_id': 109, 'retail_price': 3.99, 'currency': 'EUR', 'urls': {'standard_web': 'http://www.timvision.it/detail/50633264', 'deeplink_android_tv': 'intent://open.detail/DETAILS?contentId=50633264&type=MOVIE#Intent;launchFlags=0x00800000;scheme=timvision;component=it.telecomitalia.cubovision/.activity.DeeplinkActivity;end', 'deeplink_fire_tv': 'intent://open.detail/DETAILS?contentId=50633264&type=MOVIE#Intent;launchFlags=0x00800000;scheme=timvision;component=it.telecomitalia.timvision.firetv/it.telecomitalia.cubovision.landing.LandingActivity;end'}, 'presentation_type': 'sd', 'date_provider_id': '2019-10-24_109', 'date_created': '2019-10-24'}], 'scoring': [{'provider_type': 'tmdb:popularity', 'value': 2.068}, {'provider_type': 'tmdb:id', 'value': 430343}, {'provider_type': 'tmdb:score', 'value': 4.3}, {'provider_type': 'imdb:score', 'value': 7.8}]}"
23,"{'jw_entity_id': 'tm187322', 'id': 187322, 'title': 'Η Αιώνια Επιστροφή Του Αντώνη Παρασκευά', 'full_path': '/it/film/the-eternal-return-of-antonis-paraskevas', 'full_paths': {'MOVIE_DETAIL_OVERVIEW': '/it/film/the-eternal-return-of-antonis-paraskevas'}, 'poster': '/poster/11286591/{profile}', 'original_release_year': 2013, 'tmdb_popularity': 1.147, 'object_type': 'movie', 'scoring': [{'provider_type': 'tomato:id', 'value': 771363453}, {'provider_type': 'imdb:score', 'value': 5.8}, {'provider_type': 'tmdb:popularity', 'value': 1.147}, {'provider_type': 'tmdb:id', 'value': 205864}, {'provider_type': 'tomato_userrating:meter', 'value': 33}, {'provider_type': 'tmdb:score', 'value': 5.4}]}"
23,"{'jw_entity_id': 'tm249188', 'id': 249188, 'title': ""Inside Einstein's Mind: The Enigma of Space and Time"", 'full_path': '/it/film/inside-einsteins-mind-the-enigma-of-space-and-time', 'full_paths': {'MOVIE_DETAIL_OVERVIEW': '/it/film/inside-einsteins-mind-the-enigma-of-space-and-time'}, 'poster': '/poster/70141879/{profile}', 'original_release_year': 2015, 'tmdb_popularity': 2.407, 'object_type': 'movie', 'scoring': [{'provider_type': 'tmdb:popularity', 'value': 2.407}, {'provider_type': 'tmdb:id', 'value': 400316}, {'provider_type': 'tmdb:score', 'value': 7.4}, {'provider_type': 'imdb:score', 'value': 7.4}]}"
23,"{'jw_entity_id': 'tm183772', 'id': 183772, 'title': 'Puella Magi Madoka Magica: Parte 3 - La storia della ribellione', 'full_path': '/it/film/puella-magi-madoka-magica-parte-3-la-storia-della-ribellione', 'full_paths': {'MOVIE_DETAIL_OVERVIEW': '/it/film/puella-magi-madoka-magica-parte-3-la-storia-della-ribellione'}, 'poster': '/poster/10407220/{profile}', 'original_release_year': 2013, 'tmdb_popularity': 5.946, 'object_type': 'movie', 'scoring': [{'provider_type': 'tmdb:id', 'value': 212162}, {'provider_type': 'tmdb:popularity', 'value': 5.946}, {'provider_type': 'tomato:id', 'value': 771367797}, {'provider_type': 'tmdb:score', 'value': 7.4}, {'provider_type': 'tomato_userrating:meter', 'value': 89}, {'provider_type': 'imdb:score', 'value': 7.7}]}"
23,"{'jw_entity_id': 'tm47968', 'id': 47968, 'title': 'La polveriera', 'full_path': '/it/film/la-polveriera', 'full_paths': {'MOVIE_DETAIL_OVERVIEW': '/it/film/la-polveriera'}, 'poster': '/poster/41139587/{profile}', 'original_release_year': 1998, 'tmdb_popularity': 2.541, 'object_type': 'movie', 'scoring': [{'provider_type': 'tomato_userrating:meter', 'value': 85}, {'provider_type': 'tomato:rating', 'value': 2}, {'provider_type': 'tomato:meter', 'value': 79}, {'provider_type': 'imdb:score', 'value': 7.8}, {'provider_type': 'tomato:id', 'value': 238454996}, {'provider_type': 'tmdb:score', 'value': 7.7}, {'provider_type': 'tmdb:id', 'value': 47144}, {'provider_type': 'tmdb:popularity', 'value': 2.541}]}"
23,"{'jw_entity_id': 'ts185912', 'id': 185912, 'title': 'For Life', 'full_path': '/it/serie-tv/for-life', 'full_paths': {'SHOW_DETAIL_OVERVIEW': '/it/serie-tv/for-life'}, 'poster': '/poster/169079884/{profile}', 'original_release_year': 2020, 'tmdb_popularity': 12.38, 'object_type': 'show', 'offers': [{'type': 'aggregated', 'monetization_type': 'buy', 'provider_id': 68, 'retail_price': 19.95, 'currency': 'EUR', 'urls': {'standard_web': 'https://www.microsoft.com/it-it/p/stagione-1/8d6kgwzr14q4'}, 'presentation_type': 'sd', 'element_count': 1, 'new_element_count': 1, 'date_provider_id': '2018-06-25_68', 'date_created': '2018-06-25'}, {'type': 'aggregated', 'monetization_type': 'buy', 'provider_id': 68, 'retail_price': 24.95, 'currency': 'EUR', 'urls': {'standard_web': 'https://www.microsoft.com/it-it/p/stagione-1/8d6kgwzr14q4'}, 'presentation_type': 'hd', 'element_count': 1, 'new_element_count': 1, 'date_provider_id': '2018-06-25_68', 'date_created': '2018-06-25'}], 'scoring': [{'provider_type': 'tmdb:score', 'value': 9.2}, {'provider_type': 'imdb:score', 'value': 7.4}, {'provider_type': 'tmdb:popularity', 'value': 12.38}]}"
